network_number,name,author,Primary_type, Specialized_aquatic_type,number_of_nodes,is_connected,year_published,decade_published,Ecopath
1,WEB3_,One_network_per_publication,Aquatic and terrestrial,,20,TRUE,1967,1960,Not_Ecopath_model
2,WEB4_,One_network_per_publication,Aquatic and terrestrial,,13,TRUE,1956,1950,Not_Ecopath_model
3,WEB6_,One_network_per_publication,Aquatic and terrestrial,,25,TRUE,1935,1930,Not_Ecopath_model
4,WEB12_,Menge_and_Sutherland_1976,Aquatic,Marine,13,TRUE,1976,,Not_Ecopath_model
5,WEB13_,Menge_and_Sutherland_1976,Aquatic,Marine,13,TRUE,1976,,Not_Ecopath_model
6,WEB17_,One_network_per_publication,Aquatic,Marine,14,TRUE,1960,1960,Not_Ecopath_model
7,WEB18_,One_network_per_publication,Aquatic and terrestrial,,27,TRUE,1963,1960,Not_Ecopath_model
8,WEB22_,One_network_per_publication,Aquatic and terrestrial,,26,TRUE,1923,1920,Not_Ecopath_model
9,WEB28_,One_network_per_publication,Terrestrial,,43,TRUE,1956,1950,Not_Ecopath_model
10,WEB29_,One_network_per_publication,Aquatic,Marine,22,TRUE,1954,1950,Not_Ecopath_model
11,WEB33_,Fryer_1959,Aquatic,Lake,33,TRUE,1959,,Not_Ecopath_model
12,WEB204_,Fryer_1959,Aquatic,Lake,33,TRUE,1959,,Not_Ecopath_model
13,WEB38_,Fryer_1959,Aquatic,Lake,31,TRUE,1959,,Not_Ecopath_model
14,WEB39_,Fryer_1959,Aquatic,Lake,37,TRUE,1959,,Not_Ecopath_model
15,WEB34_,One_network_per_publication,Aquatic,Stream,12,TRUE,1949,1940,Not_Ecopath_model
16,WEB35_,One_network_per_publication,Aquatic,Stream,13,TRUE,1967,1960,Not_Ecopath_model
17,WEB37_,One_network_per_publication,Aquatic,Marine,25,TRUE,1967,1960,Not_Ecopath_model
18,WEB40_,One_network_per_publication,Terrestrial,,11,TRUE,1962,1960,Not_Ecopath_model
19,WEB42_,One_network_per_publication,Aquatic,Marine,16,TRUE,1978,1970,Not_Ecopath_model
20,WEB43_,One_network_per_publication,Aquatic,Marine,21,TRUE,1974,1970,Not_Ecopath_model
21,WEB45_,One_network_per_publication,Aquatic,Spring,11,TRUE,1968,1960,Not_Ecopath_model
22,WEB58_,One_network_per_publication,Aquatic and terrestrial,,18,TRUE,1961,1960,Not_Ecopath_model
23,WEB59_,One_network_per_publication,Terrestrial,,30,TRUE,1945,1940,Not_Ecopath_model
24,WEB63_,One_network_per_publication,Aquatic,River,18,TRUE,1950,1950,Not_Ecopath_model
25,WEB67_,One_network_per_publication,Aquatic and terrestrial,,21,TRUE,1968,1960,Not_Ecopath_model
26,WEB72_,One_network_per_publication,Aquatic,Lake,17,TRUE,1983,1980,Not_Ecopath_model
27,WEB84_,One_network_per_publication,Aquatic and terrestrial,,12,TRUE,1972,1970,Not_Ecopath_model
28,WEB87_,One_network_per_publication,Aquatic,Marine,12,TRUE,1982,1980,Not_Ecopath_model
29,WEB88_,One_network_per_publication,Aquatic,River,16,TRUE,1979,1970,Not_Ecopath_model
30,WEB89_,One_network_per_publication,Aquatic,River,18,TRUE,1948,1940,Not_Ecopath_model
31,WEB98_,One_network_per_publication,Terrestrial,,17,TRUE,1980,1980,Not_Ecopath_model
32,WEB104_,One_network_per_publication,Aquatic,Marine,27,TRUE,1986,1980,Not_Ecopath_model
33,WEB105_,One_network_per_publication,Aquatic,Marine,10,TRUE,1982,1980,Not_Ecopath_model
34,WEB107_,One_network_per_publication,Aquatic,Marine,10,TRUE,1979,1970,Not_Ecopath_model
35,WEB108_,One_network_per_publication,Aquatic,Marine,14,TRUE,1937,1930,Not_Ecopath_model
36,WEB117_,One_network_per_publication,Aquatic,Lake,13,TRUE,1973,1970,Not_Ecopath_model
37,WEB121_,One_network_per_publication,Aquatic,Marine,12,TRUE,1977,1970,Not_Ecopath_model
38,WEB123_,One_network_per_publication,Terrestrial,,133,TRUE,1972,1970,Not_Ecopath_model
39,WEB131_,Beaver_1985,Aquatic and terrestrial,,19,TRUE,1985,,Not_Ecopath_model
40,WEB132_,Beaver_1985,Aquatic and terrestrial,,18,TRUE,1985,,Not_Ecopath_model
41,WEB134_,Beaver_1985,Aquatic and terrestrial,,11,TRUE,1985,,Not_Ecopath_model
42,WEB151_,One_network_per_publication,Terrestrial,,23,TRUE,1926,1920,Not_Ecopath_model
43,WEB152_,One_network_per_publication,Terrestrial,,23,TRUE,1984,1980,Not_Ecopath_model
44,WEB154_,One_network_per_publication,Terrestrial,,15,TRUE,1978,1970,Not_Ecopath_model
45,WEB155_,One_network_per_publication,Terrestrial,,16,TRUE,1975,1970,Not_Ecopath_model
46,WEB199_,One_network_per_publication,Terrestrial,,32,TRUE,1969,1960,Not_Ecopath_model
47,WEB200_,Valiela_1974,Terrestrial,,26,TRUE,1974,,Not_Ecopath_model
48,WEB201_,Valiela_1974,Terrestrial,,35,TRUE,1974,,Not_Ecopath_model
49,WEB205_,One_network_per_publication,Aquatic,Stream,24,TRUE,1985,1980,Not_Ecopath_model
50,WEB207_,One_network_per_publication,Aquatic,Stream,32,TRUE,1973,1970,Not_Ecopath_model
51,WEB208_,One_network_per_publication,Aquatic,Stream,11,TRUE,1963,1960,Not_Ecopath_model
52,WEB210_,One_network_per_publication,Aquatic,Stream,60,TRUE,1929,1920,Not_Ecopath_model
53,WEB211_,One_network_per_publication,Aquatic,Stream,34,TRUE,1934,1930,Not_Ecopath_model
54,WEB213_,One_network_per_publication,Aquatic,Stream,34,TRUE,1949,1940,Not_Ecopath_model
55,WEB214_,Thompson_and_Townsend_2003,Aquatic,Stream,76,TRUE,2003,,Not_Ecopath_model
56,WEB215_,Thompson_and_Townsend_2003,Aquatic,Stream,106,TRUE,2003,,Not_Ecopath_model
57,WEB216_,Thompson_and_Townsend_2003,Aquatic,Stream,59,TRUE,2003,,Not_Ecopath_model
58,WEB217_,Thompson_and_Townsend_2003,Aquatic,Stream,71,TRUE,2003,,Not_Ecopath_model
59,WEB218_,Thompson_and_Townsend_2004,Aquatic,Stream,78,TRUE,2004,,Not_Ecopath_model
60,WEB219_,Thompson_and_Townsend_2004,Aquatic,Stream,79,TRUE,2004,,Not_Ecopath_model
61,WEB220_,Thompson_and_Townsend_2004,Aquatic,Stream,66,TRUE,2004,,Not_Ecopath_model
62,WEB221_,Thompson_and_Townsend_2004,Aquatic,Stream,52,TRUE,2004,,Not_Ecopath_model
63,WEB222_,Thompson_and_Townsend_2004,Aquatic,Stream,78,TRUE,2004,,Not_Ecopath_model
64,WEB223_,Thompson_and_Townsend_2004,Aquatic,Stream,85,TRUE,2004,,Not_Ecopath_model
65,WEB224_,Thompson_and_Townsend_2004,Aquatic,Stream,57,TRUE,2004,,Not_Ecopath_model
66,WEB225_,Thompson_and_Townsend_2004,Aquatic,Stream,73,TRUE,2004,,Not_Ecopath_model
67,WEB226_,Thompson_and_Townsend_2004,Aquatic,Stream,107,TRUE,2004,,Not_Ecopath_model
68,WEB227_,Thompson_and_Townsend_2004,Aquatic,Stream,84,TRUE,2004,,Not_Ecopath_model
69,WEB228_,Thompson_and_Townsend_2004,Aquatic,Stream,96,TRUE,2004,,Not_Ecopath_model
70,WEB229_,Thompson_and_Townsend_2004,Aquatic,Stream,98,TRUE,2004,,Not_Ecopath_model
71,WEB230_,Thompson_and_Townsend_2004,Aquatic,Stream,78,TRUE,2004,,Not_Ecopath_model
72,WEB231_,Thompson_and_Townsend_2004,Aquatic,Stream,112,TRUE,2004,,Not_Ecopath_model
73,WEB232_,Thompson_and_Townsend_2004,Aquatic,Stream,86,TRUE,2004,,Not_Ecopath_model
74,WEB233_,Thompson_and_Townsend_2004,Aquatic,Stream,86,TRUE,2004,,Not_Ecopath_model
75,WEB234_,Thompson_and_Townsend_2004,Aquatic,Stream,94,TRUE,2004,,Not_Ecopath_model
76,WEB235_,Thompson_and_Townsend_2004,Aquatic,Stream,108,TRUE,2004,,Not_Ecopath_model
77,WEB236_,Thompson_and_Townsend_2004,Aquatic,Stream,68,TRUE,2004,,Not_Ecopath_model
78,WEB237_,Thompson_and_Townsend_2004,Aquatic,Stream,57,TRUE,2004,,Not_Ecopath_model
79,WEB238_,Thompson_and_Townsend_2004,Aquatic,Stream,72,TRUE,2004,,Not_Ecopath_model
80,WEB239_,Thompson_and_Townsend_2004,Aquatic,Stream,69,TRUE,2004,,Not_Ecopath_model
81,WEB240_,Thompson_and_Townsend_2004,Aquatic,Stream,67,TRUE,2004,,Not_Ecopath_model
82,WEB241_,Thompson_and_Townsend_2004,Aquatic,Stream,69,TRUE,2004,,Not_Ecopath_model
83,WEB242_,Thompson_and_Townsend_2004,Aquatic,Stream,81,TRUE,2004,,Not_Ecopath_model
84,WEB243_,Thompson_and_Townsend_2004,Aquatic,Stream,39,TRUE,2004,,Not_Ecopath_model
85,WEB244_,Thompson_and_Townsend_2004,Aquatic,Stream,70,TRUE,2004,,Not_Ecopath_model
86,WEB245_,Thompson_and_Townsend_2004,Aquatic,Stream,55,TRUE,2004,,Not_Ecopath_model
87,WEB246_,Thompson_and_Townsend_2004,Aquatic,Stream,59,TRUE,2004,,Not_Ecopath_model
88,WEB247_,Thompson_and_Townsend_2004,Aquatic,Stream,49,TRUE,2004,,Not_Ecopath_model
89,WEB248_,One_network_per_publication,Aquatic and terrestrial,,78,TRUE,2005,2000,Not_Ecopath_model
90,WEB249_,One_network_per_publication,Aquatic,River,40,TRUE,2005,2000,Ecopath_model
91,WEB250_,Angelini_et_al_2006,Aquatic,River,32,TRUE,2006,,Ecopath_model
92,WEB251_,Angelini_et_al_2006,Aquatic,River,33,TRUE,2006,,Ecopath_model
93,WEB252_,One_network_per_publication,Aquatic,River,13,TRUE,2010,2010,Ecopath_model
94,WEB253_,One_network_per_publication,Aquatic,Marine,28,TRUE,2011,2010,Ecopath_model
95,WEB254_,Angelini_et_al_2013,Aquatic,Lake,39,TRUE,2013,,Ecopath_model
96,WEB255_,Angelini_et_al_2013,Aquatic,Lake,39,TRUE,2013,,Ecopath_model
97,WEB256_,Angelini_et_al_2013,Aquatic,Lake,40,TRUE,2013,,Ecopath_model
98,WEB257_,Baeta_et_al_2011,Aquatic,Marine,37,TRUE,2011,,Ecopath_model
99,WEB258_,Baeta_et_al_2011,Aquatic,Marine,32,TRUE,2011,,Ecopath_model
100,WEB259_,Baeta_et_al_2011,Aquatic,Marine,25,TRUE,2011,,Ecopath_model
101,WEB260_,Baeta_et_al_2011,Aquatic,Marine,26,TRUE,2011,,Ecopath_model
102,WEB261_,Baeta_et_al_2011,Aquatic,Marine,21,TRUE,2011,,Ecopath_model
103,WEB262_,Baeta_et_al_2011,Aquatic,Marine,21,TRUE,2011,,Ecopath_model
104,WEB263_,One_network_per_publication,Aquatic and terrestrial,,77,TRUE,1997,1990,Not_Ecopath_model
105,WEB264_,One_network_per_publication,Aquatic,Stream,12,TRUE,2002,2000,Not_Ecopath_model
106,WEB265_,One_network_per_publication,Aquatic,Marine,18,TRUE,2006,2000,Ecopath_model
107,WEB266_,One_network_per_publication,Aquatic,Marine,28,TRUE,2008,2000,Ecopath_model
108,WEB267_,One_network_per_publication,Aquatic,Marine,26,TRUE,2003,2000,Ecopath_model
109,WEB268_,One_network_per_publication,Aquatic,Marine,30,TRUE,2007,2000,Ecopath_model
110,WEB269_,One_network_per_publication,Aquatic,Lake,16,TRUE,2007,2000,Ecopath_model
111,WEB270_,One_network_per_publication,Aquatic,Marine,26,TRUE,2011,2010,Not_Ecopath_model
112,WEB271_,One_network_per_publication,Aquatic,Lake,50,TRUE,2013,2010,Not_Ecopath_model
113,WEB273_,Parker_and_Huryn_2006,Aquatic,Stream,45,TRUE,2006,,Not_Ecopath_model
114,WEB274_,Parker_and_Huryn_2006,Aquatic,Stream,38,TRUE,2006,,Not_Ecopath_model
115,WEB275_,Parker_and_Huryn_2006,Aquatic,Stream,42,TRUE,2006,,Not_Ecopath_model
116,WEB276_,Parker_and_Huryn_2006,Aquatic,Stream,37,TRUE,2006,,Not_Ecopath_model
117,WEB278_,Stewart_and_Sprules_2011,Aquatic,Lake,22,TRUE,2011,,Ecopath_model
118,WEB279_,Stewart_and_Sprules_2011,Aquatic,Lake,22,TRUE,2011,,Ecopath_model
119,WEB281_,Tavares-Cromar_and_Williams_1996,Aquatic,Stream,39,TRUE,1996,,Not_Ecopath_model
120,WEB285_,Tavares-Cromar_and_Williams_1996,Aquatic,Stream,37,TRUE,1996,,Not_Ecopath_model
121,WEB288_,One_network_per_publication,Aquatic,Marine,48,TRUE,1999,1990,Ecopath_model
122,WEB289_,One_network_per_publication,Aquatic,Lake,15,TRUE,2011,2010,Ecopath_model
123,WEB295_,One_network_per_publication,Aquatic and terrestrial,,113,TRUE,2012,2010,Not_Ecopath_model
124,WEB296_,One_network_per_publication,Aquatic and terrestrial,,10,TRUE,1996,1990,Not_Ecopath_model
125,WEB306_,Closs_and_Lake_1994,Aquatic,Stream,49,TRUE,1994,,Not_Ecopath_model
126,WEB307_,Closs_and_Lake_1994,Aquatic,Stream,52,TRUE,1994,,Not_Ecopath_model
127,WEB308_,Closs_and_Lake_1994,Aquatic,Stream,51,TRUE,1994,,Not_Ecopath_model
128,WEB309_,One_network_per_publication,Aquatic,Marine,16,TRUE,2011,2010,Not_Ecopath_model
129,WEB310_,One_network_per_publication,Aquatic,River,14,TRUE,2009,2000,Ecopath_model
130,WEB311_,One_network_per_publication,Terrestrial,,154,TRUE,2000,2000,Not_Ecopath_model
131,WEB334_,Alcorlo_et_al_2001,Aquatic,Lake,13,TRUE,2001,,Not_Ecopath_model
132,WEB335_,Alcorlo_et_al_2001,Aquatic,Lake,15,TRUE,2001,,Not_Ecopath_model
133,WEB338_,One_network_per_publication,Aquatic,Marine,42,TRUE,2013,2010,Ecopath_model
134,WEB340_,One_network_per_publication,Aquatic,Marine,24,TRUE,2007,2000,Not_Ecopath_model
135,WEB343_,One_network_per_publication,Aquatic and terrestrial,,12,TRUE,1987,1980,Not_Ecopath_model
136,WEB344_,One_network_per_publication,Terrestrial,,29,TRUE,2004,2000,Not_Ecopath_model
137,WEB345_,One_network_per_publication,Aquatic,Lake,23,TRUE,2012,2010,Not_Ecopath_model
138,WEB347_,One_network_per_publication,Aquatic,Stream,106,TRUE,2005,2000,Not_Ecopath_model
139,WEB350_,One_network_per_publication,Aquatic,Marine,24,TRUE,2011,2010,Not_Ecopath_model
140,WEB351_,One_network_per_publication,Aquatic and terrestrial,,35,TRUE,1989,1980,Not_Ecopath_model
141,WEB353_,One_network_per_publication,Aquatic,Stream,15,TRUE,2003,2000,Ecopath_model
142,WEB354_,One_network_per_publication,Terrestrial,,44,TRUE,1993,1990,Not_Ecopath_model
143,WEB355_,Cohen_et_al_2003,Aquatic,Lake,21,TRUE,2003,,Not_Ecopath_model
144,WEB356_,Cohen_et_al_2003,Aquatic,Lake,20,TRUE,2003,,Not_Ecopath_model
145,WEB357_,One_network_per_publication,Aquatic,Marine,29,TRUE,1998,1990,Not_Ecopath_model
146,WEB358_,One_network_per_publication,Terrestrial,,14,TRUE,2003,2000,Not_Ecopath_model
147,carpinteria_,One_network_per_publication,Aquatic and terrestrial,,127,TRUE,2006,2000,Not_Ecopath_model
148,FW_008_,One_network_per_publication,Aquatic,Marine,249,TRUE,2005,2000,Ecopath_model
149,mown_Clmown1_,Cattin_Blandenier_2004,Terrestrial,,163,TRUE,2004,,Not_Ecopath_model
150,mown_Clmown2_,Cattin_Blandenier_2004,Terrestrial,,136,TRUE,2004,,Not_Ecopath_model
151,mown_Scmown1_,Cattin_Blandenier_2004,Terrestrial,,131,TRUE,2004,,Not_Ecopath_model
152,mown_Scmown2_,Cattin_Blandenier_2004,Terrestrial,,128,TRUE,2004,,Not_Ecopath_model
153,not_mown_ClControl1_,Cattin_Blandenier_2004,Terrestrial,,139,TRUE,2004,,Not_Ecopath_model
154,not_mown_ClControl2_,Cattin_Blandenier_2004,Terrestrial,,97,TRUE,2004,,Not_Ecopath_model
155,not_mown_ScControl1_,Cattin_Blandenier_2004,Terrestrial,,132,TRUE,2004,,Not_Ecopath_model
156,not_mown_ScControl2_,Cattin_Blandenier_2004,Terrestrial,,126,TRUE,2004,,Not_Ecopath_model
157,AEW01_,Digel_et_al_2014,Terrestrial,,121,TRUE,2014,,Not_Ecopath_model
158,AEW02_,Digel_et_al_2014,Terrestrial,,153,TRUE,2014,,Not_Ecopath_model
159,AEW03_,Digel_et_al_2014,Terrestrial,,122,TRUE,2014,,Not_Ecopath_model
160,AEW04_,Digel_et_al_2014,Terrestrial,,125,TRUE,2014,,Not_Ecopath_model
161,AEW05_,Digel_et_al_2014,Terrestrial,,126,TRUE,2014,,Not_Ecopath_model
162,AEW06_,Digel_et_al_2014,Terrestrial,,120,TRUE,2014,,Not_Ecopath_model
163,AEW07_,Digel_et_al_2014,Terrestrial,,129,TRUE,2014,,Not_Ecopath_model
164,AEW08_,Digel_et_al_2014,Terrestrial,,136,TRUE,2014,,Not_Ecopath_model
165,AEW09_,Digel_et_al_2014,Terrestrial,,134,TRUE,2014,,Not_Ecopath_model
166,AEW11_,Digel_et_al_2014,Terrestrial,,120,TRUE,2014,,Not_Ecopath_model
167,AEW17_,Digel_et_al_2014,Terrestrial,,145,TRUE,2014,,Not_Ecopath_model
168,AEW18_,Digel_et_al_2014,Terrestrial,,111,TRUE,2014,,Not_Ecopath_model
169,AEW25_,Digel_et_al_2014,Terrestrial,,123,TRUE,2014,,Not_Ecopath_model
170,AEW27_,Digel_et_al_2014,Terrestrial,,120,TRUE,2014,,Not_Ecopath_model
171,AEW30_,Digel_et_al_2014,Terrestrial,,114,TRUE,2014,,Not_Ecopath_model
172,AEW49_,Digel_et_al_2014,Terrestrial,,154,TRUE,2014,,Not_Ecopath_model
173,HEW01_,Digel_et_al_2014,Terrestrial,,134,TRUE,2014,,Not_Ecopath_model
174,HEW02_,Digel_et_al_2014,Terrestrial,,126,TRUE,2014,,Not_Ecopath_model
175,HEW03_,Digel_et_al_2014,Terrestrial,,123,TRUE,2014,,Not_Ecopath_model
176,HEW04_,Digel_et_al_2014,Terrestrial,,116,TRUE,2014,,Not_Ecopath_model
177,HEW05_,Digel_et_al_2014,Terrestrial,,168,TRUE,2014,,Not_Ecopath_model
178,HEW06_,Digel_et_al_2014,Terrestrial,,142,TRUE,2014,,Not_Ecopath_model
179,HEW10_,Digel_et_al_2014,Terrestrial,,91,TRUE,2014,,Not_Ecopath_model
180,HEW11_,Digel_et_al_2014,Terrestrial,,132,TRUE,2014,,Not_Ecopath_model
181,HEW12_,Digel_et_al_2014,Terrestrial,,143,TRUE,2014,,Not_Ecopath_model
182,HEW13_,Digel_et_al_2014,Terrestrial,,144,TRUE,2014,,Not_Ecopath_model
183,HEW16_,Digel_et_al_2014,Terrestrial,,132,TRUE,2014,,Not_Ecopath_model
184,HEW17_,Digel_et_al_2014,Terrestrial,,139,TRUE,2014,,Not_Ecopath_model
185,HEW21_,Digel_et_al_2014,Terrestrial,,146,TRUE,2014,,Not_Ecopath_model
186,HEW22_,Digel_et_al_2014,Terrestrial,,137,TRUE,2014,,Not_Ecopath_model
187,HEW36_,Digel_et_al_2014,Terrestrial,,160,TRUE,2014,,Not_Ecopath_model
188,HEW47_,Digel_et_al_2014,Terrestrial,,148,TRUE,2014,,Not_Ecopath_model
189,SEW01_,Digel_et_al_2014,Terrestrial,,104,TRUE,2014,,Not_Ecopath_model
190,SEW02_,Digel_et_al_2014,Terrestrial,,93,TRUE,2014,,Not_Ecopath_model
191,SEW03_,Digel_et_al_2014,Terrestrial,,122,TRUE,2014,,Not_Ecopath_model
192,SEW04_,Digel_et_al_2014,Terrestrial,,120,TRUE,2014,,Not_Ecopath_model
193,SEW05_,Digel_et_al_2014,Terrestrial,,101,TRUE,2014,,Not_Ecopath_model
194,SEW06_,Digel_et_al_2014,Terrestrial,,127,TRUE,2014,,Not_Ecopath_model
195,SEW07_,Digel_et_al_2014,Terrestrial,,132,TRUE,2014,,Not_Ecopath_model
196,SEW08_,Digel_et_al_2014,Terrestrial,,118,TRUE,2014,,Not_Ecopath_model
197,SEW09_,Digel_et_al_2014,Terrestrial,,89,TRUE,2014,,Not_Ecopath_model
198,SEW18_,Digel_et_al_2014,Terrestrial,,123,TRUE,2014,,Not_Ecopath_model
199,SEW35_,Digel_et_al_2014,Terrestrial,,101,TRUE,2014,,Not_Ecopath_model
200,SEW36_,Digel_et_al_2014,Terrestrial,,89,TRUE,2014,,Not_Ecopath_model
201,SEW37_,Digel_et_al_2014,Terrestrial,,118,TRUE,2014,,Not_Ecopath_model
202,SEW41_,Digel_et_al_2014,Terrestrial,,118,TRUE,2014,,Not_Ecopath_model
203,SEW43_,Digel_et_al_2014,Terrestrial,,120,TRUE,2014,,Not_Ecopath_model
204,SEW48_,Digel_et_al_2014,Terrestrial,,118,TRUE,2014,,Not_Ecopath_model
205,Alford_Lake_,Havens_1992,Aquatic,Lake,56,TRUE,1992,,Not_Ecopath_model
206,Balsam_Lake_,Havens_1992,Aquatic,Lake,50,TRUE,1992,,Not_Ecopath_model
207,Beaver_Lake_,Havens_1992,Aquatic,Lake,56,TRUE,1992,,Not_Ecopath_model
208,Big_Hope_Lake_,Havens_1992,Aquatic,Lake,61,TRUE,1992,,Not_Ecopath_model
209,Brandy_Lake_,Havens_1992,Aquatic,Lake,30,TRUE,1992,,Not_Ecopath_model
210,Bridge_Brook_Lake_,Havens_1992,Aquatic,Lake,75,TRUE,1992,,Not_Ecopath_model
211,Burntbridge_Lake_,Havens_1992,Aquatic,Lake,53,TRUE,1992,,Not_Ecopath_model
212,Cascade_Lake_,Havens_1992,Aquatic,Lake,35,TRUE,1992,,Not_Ecopath_model
213,Chub_Lake_,Havens_1992,Aquatic,Lake,36,TRUE,1992,,Not_Ecopath_model
214,Connera_Lake_,Havens_1992,Aquatic,Lake,65,TRUE,1992,,Not_Ecopath_model
215,Constable_Lake_,Havens_1992,Aquatic,Lake,30,TRUE,1992,,Not_Ecopath_model
216,Emerald_Lake_,Havens_1992,Aquatic,Lake,22,TRUE,1992,,Not_Ecopath_model
217,Falls_Lake_,Havens_1992,Aquatic,Lake,39,TRUE,1992,,Not_Ecopath_model
218,Fawn_Lake_,Havens_1992,Aquatic,Lake,32,TRUE,1992,,Not_Ecopath_model
219,Federation_Lake_,Havens_1992,Aquatic,Lake,22,TRUE,1992,,Not_Ecopath_model
220,Goose_Lake_,Havens_1992,Aquatic,Lake,40,TRUE,1992,,Not_Ecopath_model
221,Grass_Lake_,Havens_1992,Aquatic,Lake,44,TRUE,1992,,Not_Ecopath_model
222,Gull_Lake_,Havens_1992,Aquatic,Lake,45,TRUE,1992,,Not_Ecopath_model
223,Hoel_Lake_,Havens_1992,Aquatic,Lake,72,TRUE,1992,,Not_Ecopath_model
224,Horseshoe_Lake_,Havens_1992,Aquatic,Lake,49,TRUE,1992,,Not_Ecopath_model
225,Little_Rainbow_Lake_,Havens_1992,Aquatic,Lake,52,TRUE,1992,,Not_Ecopath_model
226,Long_Lake_,Havens_1992,Aquatic,Lake,65,TRUE,1992,,Not_Ecopath_model
227,Loon_Lake_,Havens_1992,Aquatic,Lake,35,TRUE,1992,,Not_Ecopath_model
228,Lost_Lake_East_,Havens_1992,Aquatic,Lake,41,TRUE,1992,,Not_Ecopath_model
229,Lost_Lake_,Havens_1992,Aquatic,Lake,31,TRUE,1992,,Not_Ecopath_model
230,Lower_Sister_Lake_,Havens_1992,Aquatic,Lake,37,TRUE,1992,,Not_Ecopath_model
231,Oswego_Lake_,Havens_1992,Aquatic,Lake,33,TRUE,1992,,Not_Ecopath_model
232,Rat_Lake_,Havens_1992,Aquatic,Lake,50,TRUE,1992,,Not_Ecopath_model
233,Razorback_Lake_,Havens_1992,Aquatic,Lake,42,TRUE,1992,,Not_Ecopath_model
234,Russian_Lake_,Havens_1992,Aquatic,Lake,24,TRUE,1992,,Not_Ecopath_model
235,Safford_Lake_,Havens_1992,Aquatic,Lake,44,TRUE,1992,,Not_Ecopath_model
236,Sand_Lake_,Havens_1992,Aquatic,Lake,29,TRUE,1992,,Not_Ecopath_model
237,Squaw_Lake_,Havens_1992,Aquatic,Lake,41,TRUE,1992,,Not_Ecopath_model
238,Stink_Lake_,Havens_1992,Aquatic,Lake,53,TRUE,1992,,Not_Ecopath_model
239,Twelfth_Tee_Lake_,Havens_1992,Aquatic,Lake,31,TRUE,1992,,Not_Ecopath_model
240,Whipple_Lake_,Havens_1992,Aquatic,Lake,32,TRUE,1992,,Not_Ecopath_model
241,Buck_Pond_,Havens_1992,Aquatic and terrestrial,,41,TRUE,1992,,Not_Ecopath_model
242,Chub_Pond_,Havens_1992,Aquatic and terrestrial,,54,TRUE,1992,,Not_Ecopath_model
243,Helldiver_Pond_,Havens_1992,Aquatic and terrestrial,,41,TRUE,1992,,Not_Ecopath_model
244,High_Pond_,Havens_1992,Aquatic and terrestrial,,24,TRUE,1992,,Not_Ecopath_model
245,Afon_Hafren_2005_,Layer_et_al_2010,Aquatic,Stream,22,TRUE,2010,,Not_Ecopath_model
246,Allt_a_Mharcaidh_,Layer_et_al_2010,Aquatic,Stream,37,TRUE,2010,,Not_Ecopath_model
247,Broadstone_Stream_,Layer_et_al_2010,Aquatic,Stream,23,TRUE,2010,,Not_Ecopath_model
248,Dargall_Lane_,Layer_et_al_2010,Aquatic,Stream,20,TRUE,2010,,Not_Ecopath_model
249,Duddon_Pike_Beck_,Layer_et_al_2010,Aquatic,Stream,31,TRUE,2010,,Not_Ecopath_model
250,Hardknott_Gill_,Layer_et_al_2010,Aquatic,Stream,41,TRUE,2010,,Not_Ecopath_model
251,Mill_Stream_,Layer_et_al_2010,Aquatic,Stream,81,TRUE,2010,,Not_Ecopath_model
252,Mosendale_Beck_,Layer_et_al_2010,Aquatic,Stream,21,TRUE,2010,,Not_Ecopath_model
253,Old_Lodge_,Layer_et_al_2010,Aquatic,Stream,21,TRUE,2010,,Not_Ecopath_model
254,Alert_,Legagneux_et_al_2014,Terrestrial,,16,TRUE,2014,,Not_Ecopath_model
255,Bylot_,Legagneux_et_al_2014,Terrestrial,,16,TRUE,2014,,Not_Ecopath_model
256,Herschel_,Legagneux_et_al_2014,Terrestrial,,23,TRUE,2014,,Not_Ecopath_model
257,Nenetsky_,Legagneux_et_al_2014,Terrestrial,,24,TRUE,2014,,Not_Ecopath_model
258,Yamal_,Legagneux_et_al_2014,Terrestrial,,22,TRUE,2014,,Not_Ecopath_model
259,Zackenberg_,Legagneux_et_al_2014,Terrestrial,,17,TRUE,2014,,Not_Ecopath_model
260,Iceland_Stream_IS7_April_2009_,O_Gorman_et_al_2019,Aquatic,Stream,30,TRUE,2019,,Not_Ecopath_model
261,Iceland_Stream_IS7_August_2008_,O_Gorman_et_al_2019,Aquatic,Stream,59,TRUE,2019,,Not_Ecopath_model
262,Iceland_Stream_IS8_April_2009_,O_Gorman_et_al_2019,Aquatic,Stream,37,TRUE,2019,,Not_Ecopath_model
263,Iceland_Stream_IS8_August_2008_,O_Gorman_et_al_2019,Aquatic,Stream,43,TRUE,2019,,Not_Ecopath_model
264,Lake_Malawi_,One_network_per_publication,Aquatic,Lake,27,TRUE,1999,1990,Ecopath_model
265,Ythan_Estuary_,One_network_per_publication,Aquatic,Marine,92,TRUE,2009,2000,Not_Ecopath_model
266,Kongsfjorden_,One_network_per_publication,Aquatic,Marine,262,TRUE,2013,2010,Not_Ecopath_model
267,Weddell_Sea_,One_network_per_publication,Aquatic,Marine,490,TRUE,2011,2010,Not_Ecopath_model
268,Skipwith_Pond_,One_network_per_publication,Aquatic and terrestrial,,34,TRUE,1990,1990,Not_Ecopath_model
269,Gearagh_,One_network_per_publication,Terrestrial,,116,TRUE,2010,2010,Not_Ecopath_model
270,FloridaIslandE1_,Piechnik_et_al_2008,Aquatic and terrestrial,,210,TRUE,2008,,Not_Ecopath_model
271,FloridaIslandE2_,Piechnik_et_al_2008,Aquatic and terrestrial,,59,TRUE,2008,,Not_Ecopath_model
272,FloridaIslandE3_,Piechnik_et_al_2008,Aquatic and terrestrial,,211,TRUE,2008,,Not_Ecopath_model
273,FloridaIslandE7_,Piechnik_et_al_2008,Aquatic and terrestrial,,54,TRUE,2008,,Not_Ecopath_model
274,FloridaIslandE9_,Piechnik_et_al_2008,Aquatic and terrestrial,,56,TRUE,2008,,Not_Ecopath_model
